-- phpMyAdmin SQL Dump
-- version 4.8.5
-- https://www.phpmyadmin.net/
--
-- Servidor: localhost:3307
-- Tiempo de generación: 15-11-2023 a las 02:40:33
-- Versión del servidor: 10.1.38-MariaDB
-- Versión de PHP: 7.3.4

SET SQL_MODE = "NO_AUTO_VALUE_ON_ZERO";
SET AUTOCOMMIT = 0;
START TRANSACTION;
SET time_zone = "+00:00";


/*!40101 SET @OLD_CHARACTER_SET_CLIENT=@@CHARACTER_SET_CLIENT */;
/*!40101 SET @OLD_CHARACTER_SET_RESULTS=@@CHARACTER_SET_RESULTS */;
/*!40101 SET @OLD_COLLATION_CONNECTION=@@COLLATION_CONNECTION */;
/*!40101 SET NAMES utf8mb4 */;

--
-- Base de datos: `dbsistema2`
--

-- --------------------------------------------------------

--
-- Estructura de tabla para la tabla `articulo`
--

CREATE TABLE `articulo` (
  `idarticulo` int(11) NOT NULL,
  `idcategoria` int(11) NOT NULL,
  `codigo` varchar(50) DEFAULT NULL,
  `nombre` varchar(100) NOT NULL,
  `stock` int(11) DEFAULT NULL,
  `descripcion` varchar(256) DEFAULT NULL,
  `imagen` varchar(50) DEFAULT NULL,
  `condicion` tinyint(4) DEFAULT '1'
) ENGINE=InnoDB DEFAULT CHARSET=utf8;

--
-- Volcado de datos para la tabla `articulo`
--

INSERT INTO `articulo` (`idarticulo`, `idcategoria`, `codigo`, `nombre`, `stock`, `descripcion`, `imagen`, `condicion`) VALUES
(1, 1, '00458', 'POLO BLUE', 25, 'Exotica fragancia floral con toques citricos, te lleva a un jardin primaveral vibrante y encantador.', '1699102123.jpg', 0),
(2, 1, '0040kl', 'UOMO', 58, 'Exotica fragancia floral con toques citricos, te lleva a un jardin primaveral vibrante y encantador.', '1699102130.jpg', 0),
(3, 3, 'HJL-OP', 'WOUR POURE HOMME', 107, 'Exotica fragancia floral con toques citricos, te lleva a un jardin primaveral vibrante y encantador.', '1699102170.jpg', 0),
(9, 3, 'PB3452', 'POLO BLACK', 24, 'Exotica fragancia floral con toques citricos, te lleva a un jardin primaveral vibrante y encantador.', '1699102208.jpg', 1),
(10, 5, 'AMR2366', 'A* MEN RECARGA', 70, 'LOREM IPSUN  LOREM IPSUN  LOREM IPSUN  LOREM IPSUN  LOREM IPSUN  LOREM IPSUN', '1699102563.jpg', 0);

-- --------------------------------------------------------
--
-- Disparadores `articulo`
--
DELIMITER $$
CREATE TRIGGER `tr_updCondicionStockCero`
BEFORE UPDATE ON articulo
FOR EACH ROW
BEGIN
    IF NEW.stock = 0 THEN
        SET NEW.condicion = 0;
    END IF;
END;
$$
DELIMITER ;

DELIMITER $$
CREATE TRIGGER `tr_updCondicionStockMayorCero`
BEFORE UPDATE ON articulo
FOR EACH ROW
BEGIN
    IF NEW.stock > 0 THEN
        SET NEW.condicion = 1;
    END IF;
END;
$$
DELIMITER ;
--
-- Estructura de tabla para la tabla `categoria`
--

CREATE TABLE `categoria` (
  `idcategoria` int(11) NOT NULL,
  `nombre` varchar(50) NOT NULL,
  `descripcion` varchar(256) DEFAULT NULL,
  `condicion` tinyint(4) NOT NULL DEFAULT '1'
) ENGINE=InnoDB DEFAULT CHARSET=utf8;

--
-- Volcado de datos para la tabla `categoria`
--

INSERT INTO `categoria` (`idcategoria`, `nombre`, `descripcion`, `condicion`) VALUES
(1, 'ESENCIA', 'Es la forma más concentrada de aromas, que tiene entre el 15 y el 40% de concentración de esencia aromática.', 1),
(2, 'AGUA DE PERFUME', 'Tiene un 15% de concentración de esencia aromática, mezcladas con alcohol de 90º', 1),
(3, 'AGUA DE TOCADOR', 'Con esencias aromáticas concentradas entre el 7 y el 15%.', 1),
(4, 'AGUA DE COLONIA', 'Con una concentración entre el 3 y 6%, donde predominan los aromas cítricos.', 1),
(5, 'AGUA FRESCA', 'Con un 1% de concentrados, es ideal para aquellas personas que necesitan renovar su fragancia varias veces al día.', 1);

-- --------------------------------------------------------

--
-- Estructura de tabla para la tabla `detalle_ingreso`
--

CREATE TABLE `detalle_ingreso` (
  `iddetalle_ingreso` int(11) NOT NULL,
  `idingreso` int(11) NOT NULL,
  `idarticulo` int(11) NOT NULL,
  `cantidad` int(11) NOT NULL,
  `precio_compra` decimal(11,2) NOT NULL,
  `precio_venta` decimal(11,2) NOT NULL
) ENGINE=InnoDB DEFAULT CHARSET=utf8;

--
-- Disparadores `detalle_ingreso`
--
DELIMITER $$
CREATE TRIGGER `tr_updStockIngreso` AFTER INSERT ON `detalle_ingreso` FOR EACH ROW BEGIN
UPDATE articulo SET stock=stock + NEW.cantidad
WHERE articulo.idarticulo = NEW.idarticulo;
END
$$
DELIMITER ;

-- --------------------------------------------------------

--
-- Estructura de tabla para la tabla `detalle_venta`
--

CREATE TABLE `detalle_venta` (
  `iddetalle_venta` int(11) NOT NULL,
  `idventa` int(11) NOT NULL,
  `idarticulo` int(11) NOT NULL,
  `cantidad` int(11) NOT NULL,
  `precio_venta` decimal(11,2) NOT NULL,
  `descuento` decimal(11,2) NOT NULL
) ENGINE=InnoDB DEFAULT CHARSET=utf8;

--
-- Disparadores `detalle_venta`
--
DELIMITER $$
CREATE TRIGGER `tr_udpStockVenta` AFTER INSERT ON `detalle_venta` FOR EACH ROW BEGIN
UPDATE articulo SET stock = stock - NEW.cantidad
WHERE articulo.idarticulo = NEW.idarticulo;
END
$$
DELIMITER ;

-- --------------------------------------------------------

--
-- Estructura de tabla para la tabla `ingreso`
--

CREATE TABLE `ingreso` (
  `idingreso` int(11) NOT NULL,
  `idproveedor` int(11) NOT NULL,
  `idusuario` int(11) DEFAULT NULL,
  `tipo_comprobante` varchar(20) NOT NULL,
  `serie_comprobante` varchar(7) DEFAULT NULL,
  `num_comprobante` varchar(10) NOT NULL,
  `fecha_hora` datetime NOT NULL,
  `impuesto` decimal(4,2) NOT NULL,
  `total_compra` decimal(11,2) NOT NULL,
  `estado` varchar(20) NOT NULL
) ENGINE=InnoDB DEFAULT CHARSET=utf8;

-- --------------------------------------------------------

--
-- Estructura de tabla para la tabla `permiso`
--

CREATE TABLE `permiso` (
  `idpermiso` int(11) NOT NULL,
  `nombre` varchar(30) NOT NULL
) ENGINE=InnoDB DEFAULT CHARSET=utf8;

--
-- Volcado de datos para la tabla `permiso`
--

INSERT INTO `permiso` (`idpermiso`, `nombre`) VALUES
(1, 'Escritorio'),
(2, 'Almacen'),
(3, 'Compras'),
(4, 'Ventas'),
(5, 'Acceso'),
(6, 'Consulta Compras'),
(7, 'Consulta Ventas');

-- --------------------------------------------------------

--
-- Estructura de tabla para la tabla `persona`
--

CREATE TABLE `persona` (
  `idpersona` int(11) NOT NULL,
  `tipo_persona` varchar(20) NOT NULL,
  `nombre` varchar(100) NOT NULL,
  `tipo_documento` varchar(20) DEFAULT NULL,
  `num_documento` varchar(20) DEFAULT NULL,
  `direccion` varchar(70) DEFAULT NULL,
  `telefono` varchar(20) DEFAULT NULL,
  `email` varchar(50) DEFAULT NULL
) ENGINE=InnoDB DEFAULT CHARSET=utf8;

--
-- Volcado de datos para la tabla `persona`
--

INSERT INTO `persona` (`idpersona`, `tipo_persona`, `nombre`, `tipo_documento`, `num_documento`, `direccion`, `telefono`, `email`) VALUES
(1, 'Proveedor', 'INKA-PC S.R.L', 'RUC', '12587845254', 'Av. los pinos 201', '54328730', 'inkapc@hotmail.com'),
(2, 'Cliente', 'publico general', 'CI', '30224520', 'Av.jose olaya 215', '54325230', 'public@hotmail.com'),
(3, 'Proveedor', 'TECNO-PC', 'RUC', '20485248751', 'Calle los naranjales 245', '054587852', 'tecno@gmail.com'),
(4, 'Proveedor', 'INFONET', 'RUC', '40485245824', 'Av. quiñones 102', '054789854', 'infonet@hotmail.com'),
(5, 'Cliente', 'pedro', 'CI', '458521748', 'Simon bolivar 120', '78954263', 'pedro@gmailcom');

-- --------------------------------------------------------

--
-- Estructura de tabla para la tabla `usuario`
--

CREATE TABLE `usuario` (
  `idusuario` int(11) NOT NULL,
  `nombre` varchar(100) NOT NULL,
  `tipo_documento` varchar(20) NOT NULL,
  `num_documento` varchar(20) NOT NULL,
  `direccion` varchar(70) DEFAULT NULL,
  `telefono` varchar(20) DEFAULT NULL,
  `email` varchar(50) DEFAULT NULL,
  `cargo` varchar(20) DEFAULT NULL,
  `login` varchar(20) NOT NULL,
  `clave` varchar(64) NOT NULL,
  `imagen` varchar(50) NOT NULL,
  `condicion` tinyint(4) NOT NULL DEFAULT '1'
) ENGINE=InnoDB DEFAULT CHARSET=utf8;

--
-- Volcado de datos para la tabla `usuario`
--

INSERT INTO `usuario` (`idusuario`, `nombre`, `tipo_documento`, `num_documento`, `direccion`, `telefono`, `email`, `cargo`, `login`, `clave`, `imagen`, `condicion`) VALUES
(1, 'Alejandro', 'NIT', '72154871', 'Calle miraflores 210', '547821', 'alejandro@gmail.com', 'Administrador', 'admin', '8c6976e5b5410415bde908bd4dee15dfb167a9c873fc4bb8a81f6f2ab448a918', '1699991037.png', 1),
(2, 'juan', 'CI', '30115425', 'calle los jirasoles 450', '054789521', 'juan@hotmail.com', 'Empleado', 'juan', '8c6976e5b5410415bde908bd4dee15dfb167a9c873fc4bb8a81f6f2ab448a918', '1699991049.png', 1),
(3, 'alex', 'RUC', '682416', 'Calle Juan Ladrillo', '69824919', 'aroch2222@gmail.com', 'Vendedor', 'alex', '8c6976e5b5410415bde908bd4dee15dfb167a9c873fc4bb8a81f6f2ab448a918', '1699992028.png', 1);

-- --------------------------------------------------------

--
-- Estructura de tabla para la tabla `usuario_permiso`
--

CREATE TABLE `usuario_permiso` (
  `idusuario_permiso` int(11) NOT NULL,
  `idusuario` int(11) NOT NULL,
  `idpermiso` int(11) NOT NULL
) ENGINE=InnoDB DEFAULT CHARSET=utf8;

--
-- Volcado de datos para la tabla `usuario_permiso`
--

INSERT INTO `usuario_permiso` (`idusuario_permiso`, `idusuario`, `idpermiso`) VALUES
(164, 3, 3),
(165, 3, 4),
(166, 2, 2),
(167, 2, 3),
(168, 2, 4),
(169, 1, 2),
(170, 1, 3),
(171, 1, 4),
(172, 1, 5);

-- --------------------------------------------------------

--
-- Estructura de tabla para la tabla `venta`
--

CREATE TABLE `venta` (
  `idventa` int(11) NOT NULL,
  `idcliente` int(11) NOT NULL,
  `idusuario` int(11) NOT NULL,
  `tipo_comprobante` varchar(20) NOT NULL,
  `serie_comprobante` varchar(7) DEFAULT NULL,
  `num_comprobante` varchar(10) NOT NULL,
  `fecha_hora` datetime NOT NULL,
  `impuesto` decimal(4,2) DEFAULT NULL,
  `total_venta` decimal(11,2) DEFAULT NULL,
  `estado` varchar(20) DEFAULT NULL
) ENGINE=InnoDB DEFAULT CHARSET=utf8;

--
-- Índices para tablas volcadas
--

--
-- Indices de la tabla `articulo`
--
ALTER TABLE `articulo`
  ADD PRIMARY KEY (`idarticulo`),
  ADD UNIQUE KEY `nombre_UNIQUE` (`nombre`),
  ADD KEY `fk_articulo_categoria_idx` (`idcategoria`);

--
-- Indices de la tabla `categoria`
--
ALTER TABLE `categoria`
  ADD PRIMARY KEY (`idcategoria`),
  ADD UNIQUE KEY `nombre_UNIQUE` (`nombre`);

--
-- Indices de la tabla `detalle_ingreso`
--
ALTER TABLE `detalle_ingreso`
  ADD PRIMARY KEY (`iddetalle_ingreso`),
  ADD KEY `fk_detalle_ingreso_idx` (`idingreso`),
  ADD KEY `fk_detalle_articulo_idx` (`idarticulo`);

--
-- Indices de la tabla `detalle_venta`
--
ALTER TABLE `detalle_venta`
  ADD PRIMARY KEY (`iddetalle_venta`),
  ADD KEY `fk_detalle_venta_venta_idx` (`idventa`),
  ADD KEY `fk_detalle_venta_articulo_idx` (`idarticulo`);

--
-- Indices de la tabla `ingreso`
--
ALTER TABLE `ingreso`
  ADD PRIMARY KEY (`idingreso`),
  ADD KEY `fk_ingreso_persona_idx` (`idproveedor`),
  ADD KEY `fk_ingreso_usuario_idx` (`idusuario`);

--
-- Indices de la tabla `permiso`
--
ALTER TABLE `permiso`
  ADD PRIMARY KEY (`idpermiso`);

--
-- Indices de la tabla `persona`
--
ALTER TABLE `persona`
  ADD PRIMARY KEY (`idpersona`);

--
-- Indices de la tabla `usuario`
--
ALTER TABLE `usuario`
  ADD PRIMARY KEY (`idusuario`),
  ADD UNIQUE KEY `login_UNIQUE` (`login`);

--
-- Indices de la tabla `usuario_permiso`
--
ALTER TABLE `usuario_permiso`
  ADD PRIMARY KEY (`idusuario_permiso`),
  ADD KEY `fk_u_permiso_usuario_idx` (`idusuario`),
  ADD KEY `fk_usuario_permiso_idx` (`idpermiso`);

--
-- Indices de la tabla `venta`
--
ALTER TABLE `venta`
  ADD PRIMARY KEY (`idventa`),
  ADD KEY `fk_venta_persona_idx` (`idcliente`),
  ADD KEY `fk_venta_usuario_idx` (`idusuario`);

--
-- AUTO_INCREMENT de las tablas volcadas
--

--
-- AUTO_INCREMENT de la tabla `articulo`
--
ALTER TABLE `articulo`
  MODIFY `idarticulo` int(11) NOT NULL AUTO_INCREMENT, AUTO_INCREMENT=11;

--
-- AUTO_INCREMENT de la tabla `categoria`
--
ALTER TABLE `categoria`
  MODIFY `idcategoria` int(11) NOT NULL AUTO_INCREMENT, AUTO_INCREMENT=6;

--
-- AUTO_INCREMENT de la tabla `detalle_ingreso`
--
ALTER TABLE `detalle_ingreso`
  MODIFY `iddetalle_ingreso` int(11) NOT NULL AUTO_INCREMENT;

--
-- AUTO_INCREMENT de la tabla `detalle_venta`
--
ALTER TABLE `detalle_venta`
  MODIFY `iddetalle_venta` int(11) NOT NULL AUTO_INCREMENT;

--
-- AUTO_INCREMENT de la tabla `ingreso`
--
ALTER TABLE `ingreso`
  MODIFY `idingreso` int(11) NOT NULL AUTO_INCREMENT;

--
-- AUTO_INCREMENT de la tabla `permiso`
--
ALTER TABLE `permiso`
  MODIFY `idpermiso` int(11) NOT NULL AUTO_INCREMENT, AUTO_INCREMENT=6;

--
-- AUTO_INCREMENT de la tabla `persona`
--
ALTER TABLE `persona`
  MODIFY `idpersona` int(11) NOT NULL AUTO_INCREMENT, AUTO_INCREMENT=6;

--
-- AUTO_INCREMENT de la tabla `usuario`
--
ALTER TABLE `usuario`
  MODIFY `idusuario` int(11) NOT NULL AUTO_INCREMENT, AUTO_INCREMENT=4;

--
-- AUTO_INCREMENT de la tabla `usuario_permiso`
--
ALTER TABLE `usuario_permiso`
  MODIFY `idusuario_permiso` int(11) NOT NULL AUTO_INCREMENT, AUTO_INCREMENT=173;

--
-- AUTO_INCREMENT de la tabla `venta`
--
ALTER TABLE `venta`
  MODIFY `idventa` int(11) NOT NULL AUTO_INCREMENT;

--
-- Restricciones para tablas volcadas
--

--
-- Filtros para la tabla `articulo`
--
ALTER TABLE `articulo`
  ADD CONSTRAINT `fk_articulo_categoria` FOREIGN KEY (`idcategoria`) REFERENCES `categoria` (`idcategoria`) ON DELETE NO ACTION ON UPDATE NO ACTION;

--
-- Filtros para la tabla `detalle_ingreso`
--
ALTER TABLE `detalle_ingreso`
  ADD CONSTRAINT `fk_detalle_articulo` FOREIGN KEY (`idarticulo`) REFERENCES `articulo` (`idarticulo`) ON DELETE NO ACTION ON UPDATE NO ACTION,
  ADD CONSTRAINT `fk_detalle_ingreso` FOREIGN KEY (`idingreso`) REFERENCES `ingreso` (`idingreso`) ON DELETE NO ACTION ON UPDATE NO ACTION;

--
-- Filtros para la tabla `detalle_venta`
--
ALTER TABLE `detalle_venta`
  ADD CONSTRAINT `fk_detalle_venta_articulo` FOREIGN KEY (`idarticulo`) REFERENCES `articulo` (`idarticulo`) ON DELETE NO ACTION ON UPDATE NO ACTION,
  ADD CONSTRAINT `fk_detalle_venta_venta` FOREIGN KEY (`idventa`) REFERENCES `venta` (`idventa`) ON DELETE NO ACTION ON UPDATE NO ACTION;

--
-- Filtros para la tabla `ingreso`
--
ALTER TABLE `ingreso`
  ADD CONSTRAINT `fk_ingreso_persona` FOREIGN KEY (`idproveedor`) REFERENCES `persona` (`idpersona`) ON DELETE NO ACTION ON UPDATE NO ACTION,
  ADD CONSTRAINT `fk_ingreso_usuario` FOREIGN KEY (`idusuario`) REFERENCES `usuario` (`idusuario`) ON DELETE NO ACTION ON UPDATE NO ACTION;

--
-- Filtros para la tabla `usuario_permiso`
--
ALTER TABLE `usuario_permiso`
  ADD CONSTRAINT `fk_u_permiso_usuario` FOREIGN KEY (`idusuario`) REFERENCES `usuario` (`idusuario`) ON DELETE NO ACTION ON UPDATE NO ACTION,
  ADD CONSTRAINT `fk_usuario_permiso` FOREIGN KEY (`idpermiso`) REFERENCES `permiso` (`idpermiso`) ON DELETE NO ACTION ON UPDATE NO ACTION;

--
-- Filtros para la tabla `venta`
--
ALTER TABLE `venta`
  ADD CONSTRAINT `fk_venta_persona` FOREIGN KEY (`idcliente`) REFERENCES `persona` (`idpersona`) ON DELETE NO ACTION ON UPDATE NO ACTION,
  ADD CONSTRAINT `fk_venta_usuario` FOREIGN KEY (`idusuario`) REFERENCES `usuario` (`idusuario`) ON DELETE NO ACTION ON UPDATE NO ACTION;
COMMIT;

/*!40101 SET CHARACTER_SET_CLIENT=@OLD_CHARACTER_SET_CLIENT */;
/*!40101 SET CHARACTER_SET_RESULTS=@OLD_CHARACTER_SET_RESULTS */;
/*!40101 SET COLLATION_CONNECTION=@OLD_COLLATION_CONNECTION */;
